id,area,observable_acceptance_criterion,required_evidence,v0_1_status,v0_2_status,v0_2_scope_note,v0_2_evidence
AC01,Contract,Unknown fields/operators and malformed transactions are rejected before preview.,Schema and semantic-validator negative fixtures.,NOT_RUN,PASS_LOCAL,Exercised within supported synthetic/local grammar; not a universal claim.,tests/test_domain.py
AC02,Projection,Rule-table and state-view edits of the same meaning yield the same semantic transaction and domain hash.,Round-trip command/projection integration test.,NOT_RUN,PASS_LOCAL,Exercised within supported synthetic/local grammar; not a universal claim.,tests/test_application.py; scripts/browser_component_smoke.py
AC03,Projection,Layout-only edits preserve domain hash and domain receipts; presentation hash changes and affected UI evidence is reconsidered.,Before/after subject and receipt applicability assertions.,NOT_RUN,PARTIAL,Layout coordinate metadata and presentation invalidation tested; drag/drop and UI-evidence system absent.,tests/test_application.py
AC04,Isolation,"Preview and save do not change baseline files, aggregate state or external effects.",Filesystem/database snapshots and effect-log assertions.,NOT_RUN,PASS_LOCAL,Exercised within supported synthetic/local grammar; not a universal claim.,tests/test_application.py; tests/test_runtime.py
AC05,Isolation,Discard restores the prior baseline without candidate data leakage.,Snapshot and actor-isolation test.,NOT_RUN,PARTIAL,"Discard preserves baseline and closes candidate; history retained deliberately, not erased. No multi-tenant actor-isolation study.",tests/test_application.py
AC06,Concurrency,A stale baseline or aggregate version rejects apply; no silent overwrite or implicit rebase.,Two-candidate interleaving test.,NOT_RUN,PASS_LOCAL,Exercised within supported synthetic/local grammar; not a universal claim.,tests/test_application.py; tests/test_runtime.py
AC07,Intent,Ambiguous sign-off request remains proposed until an explicit authority chooses an interpretation.,Request-to-transaction integration trace.,NOT_RUN,PASS_LOCAL,Exercised within supported synthetic/local grammar; not a universal claim.,tests/test_application.py; scripts/browser_component_smoke.py
AC08,Authority,The proposing agent cannot approve its own change; missing reviewer capability blocks apply.,Distinct actor identities and negative capability test.,NOT_RUN,PARTIAL,Capability tests and restricted provider port pass; same OS user can impersonate owner. No adversarial identity separation.,tests/test_application.py; tests/test_providers.py
AC09,Authority,Teacher final approval is denied under every candidate path and direct API call.,Hand-authored authority oracle and bypass mutations.,NOT_RUN,PASS_LOCAL,Exercised within supported synthetic/local grammar; not a universal claim.,tests/test_domain.py; tests/test_http_and_architecture.py; application/verifier.py
AC10,Guards,Recommend requires active and assigned actor from trusted fixture state; missing/unknown resolver blocks rather than ignores.,Assigned/unassigned/inactive/unsupported predicate tests.,NOT_RUN,PASS_LOCAL,Exercised within supported synthetic/local grammar; not a universal claim.,tests/test_runtime.py; tests/test_domain.py
AC11,Authority,Role or assignment revocation after preview is checked at commit and blocks stale authority.,Time-of-check/time-of-use interleaving test.,NOT_RUN,PASS_LOCAL,Exercised within supported synthetic/local grammar; not a universal claim.,tests/test_runtime.py
AC12,Workflow,Recommend requires Submitted; registrar Approve/Reject requires Recommended; Submit and Revise remain valid.,Exhaustive bounded role/state/action matrix with independent expected outcomes.,NOT_RUN,PARTIAL,"Default 125-cell matrix passes with same-author oracle, not independent. Explicit rejection-source edit changes the original prerequisite.",application/verifier.py; tests/test_application.py
AC13,Effects,One accepted Recommend produces one audit append and at-most-once local notification enqueue; payments/export never occur.,Transactional event/outbox assertions and forbidden-effect mutants.,NOT_RUN,PASS_LOCAL,Exercised within supported synthetic/local grammar; not a universal claim.,tests/test_runtime.py; tests/test_domain.py
AC14,Replay,"Duplicate operation replay binds actor, target and payload; mismatched reuse is denied and replay does not bypass current authority.",Replay/cross-actor/payload-conflict negative tests.,NOT_RUN,PASS_LOCAL,Exercised within supported synthetic/local grammar; not a universal claim.,tests/test_runtime.py
AC15,Truthful UI,Success appears only after commit; failure/stale version never renders Recommended/Approved as achieved.,Runtime trace plus browser observation of commit/failure cases.,NOT_RUN,PARTIAL,Actual committed runtime + bridged Chromium denial checks pass; ordinary browser-network E2E blocked.,scripts/browser_component_smoke.py; scripts/http_smoke.py
AC16,Impact,Typed traversal reaches beyond depth five and terminates on cycles; capped traversal returns complete=false and a frontier.,"Deep chain, cycle and budget-exhaustion tests with independently enumerated oracle.",NOT_RUN,PASS_LOCAL,Exercised within supported synthetic/local grammar; not a universal claim.,tests/test_domain.py
AC17,Evidence,Affected evidence and approvals become inapplicable after material edits; original receipt payloads remain unchanged.,Receipt hash preservation and applicability assertions.,NOT_RUN,PASS_LOCAL,Exercised within supported synthetic/local grammar; not a universal claim.,tests/test_application.py
AC18,Evidence,Wrong model/core/build/policy/environment/harness identities cannot satisfy a required claim.,Subject substitution and stale-context mutations.,NOT_RUN,PASS_LOCAL,Exercised within supported synthetic/local grammar; not a universal claim.,tests/test_application.py
AC19,Admissibility,Browser/synthetic evidence cannot satisfy a claim about real teacher comprehension.,Historical relabel counterexample adapted to integrated computed gate.,NOT_RUN,PASS_LOCAL,Exercised within supported synthetic/local grammar; not a universal claim.,tests/test_application.py
AC20,Admissibility,Caller-supplied PASS/current/admissible/approved flags cannot override independently computed policy.,Forged input and missing raw-artifact provenance tests.,NOT_RUN,PASS_LOCAL,Exercised within supported synthetic/local grammar; not a universal claim.,tests/test_domain.py; tests/test_application.py; tests/test_providers.py
AC21,Meaning,All projected labels distinguish recommendation from final approval; changed registrar prerequisites are explicit.,Projection consistency and critical reviewer questions; real comprehension remains separate.,NOT_RUN,PARTIAL,Generated authority/prerequisite labels and questions tested; no human comprehension study.,tests/test_domain.py; scripts/browser_component_smoke.py
AC22,Decision,"Approval is bound to reviewer, scope and exact subject; a material edit during review invalidates it before local apply.",Review/apply race test and signed-in fixture identity checks.,NOT_RUN,PARTIAL,Local signed subject/baseline/version checks pass; no real signed-in institutional identity.,tests/test_application.py
AC23,Trust boundary,Core change or unsupported semantics requires source-level review; ordinary approval cannot silently bless it.,Core hash change and unsupported-operation tests.,NOT_RUN,PARTIAL,"Core fixture mismatch and unsupported operators block; fixture is self-authored, not independent source review.",tests/test_application.py; tests/test_domain.py
AC24,Scope,Technical eligibility may coexist with visible human UNKNOWN; field-use scope requiring that claim cannot pass.,Decision policy tests across local-demo and field-use scopes.,NOT_RUN,PASS_LOCAL,Exercised within supported synthetic/local grammar; not a universal claim.,tests/test_application.py
AC25,Export,"Export includes original intent, transaction, before/after subject, completeness, receipts, traces, decision and unknowns with verified hashes.",Round-trip export validation and immutable artifact manifest.,NOT_RUN,PARTIAL,Export covers case/model/receipts/trace/decision/unknowns with payload hash; no trusted import or external attestation.,tests/test_application.py; scripts/http_smoke.py
AC26,Independent evaluation,"An independent hidden mutation set tests authority, assignment, omissions, evidence, labels, effects and approval; no compensating aggregate score.",Holdout mutation results with author/oracle provenance.,NOT_RUN,NOT_RUN,Independent hidden mutation evaluation not performed.,docs/verification/VERIFICATION.md
AC27,Local durability,"If SQLite persistence is implemented, workflow/operation/audit/outbox commit atomically and crash tests expose no partial accepted operation.",Failure-injection/restart tests; otherwise durability stays out of claim scope.,NOT_RUN,PASS_LOCAL,Exercised within supported synthetic/local grammar; not a universal claim.,tests/test_runtime.py
AC28,Human validation,"Reviewer benefit is not labelled measured until an actual counterbalanced task study records correctness, errors, time and full effort.",Study protocol and real anonymised observations; NOT_RUN in this release.,NOT_RUN,NOT_RUN,No actual human task study performed.,docs/verification/VERIFICATION.md
